{
  "skills": [
    {
      "id": 1,
      "title": "Техника Pomodoro",
      "category": "Образование и развитие",
      "subcategory": "Навыки обучения",
      "description": "Освойте технику Pomodoro и забудьте о прокрастинации. Я научу вас концентрироваться на задачах, управлять временем и достигать целей быстрее. Простая система интервалов поможет повысить продуктивность уже с первого дня.",
      "images": [
        "https://images.unsplash.com/photo-1507925921958-8a62f3d1a50d?w=800",
        "https://images.unsplash.com/photo-1707904112367-eab8c5f2912f?q=80&w=1470&auto=format&fit=crop&ixlib=rb-4.1.0&ixid=M3wxMjA3fDB8MHxwaG90by1wYWdlfHx8fGVufDB8fHx8fA%3D%3D",
        "https://images.unsplash.com/photo-1681459876999-4f6cd1164e4c?q=80&w=735&auto=format&fit=crop&ixlib=rb-4.1.0&ixid=M3wxMjA3fDB8MHxwaG90by1wYWdlfHx8fGVufDB8fHx8fA%3D%3D",
        "https://images.unsplash.com/photo-1634906344066-2c9dfd5e8ef7?q=80&w=1470&auto=format&fit=crop&ixlib=rb-4.1.0&ixid=M3wxMjA3fDB8MHxwaG90by1wYWdlfHx8fGVufDB8fHx8fA%3D%3D",
        "https://images.unsplash.com/photo-1603119574997-c50fd39f8375?q=80&w=1325&auto=format&fit=crop&ixlib=rb-4.1.0&ixid=M3wxMjA3fDB8MHxwaG90by1wYWdlfHx8fGVufDB8fHx8fA%3D%3D"
      ]
    },
    {
      "id": 2,
      "title": "Матрица Эйзенхауэра",
      "category": "Бизнес и карьера",
      "subcategory": "Тайм-менеджмент",
      "description": "Не знаете, с чего начать день? Матрица Эйзенхауэра поможет расставить приоритеты. Я покажу, как различать срочные и важные дела, чтобы вы успевали всё и при этом не выгорали.",
      "images": [
        "https://images.unsplash.com/photo-1572473773346-51c29ac7d978?q=80&w=687&auto=format&fit=crop&ixlib=rb-4.1.0&ixid=M3wxMjA3fDB8MHxwaG90by1wYWdlfHx8fGVufDB8fHx8fA%3D%3D",
        "https://images.unsplash.com/photo-1617271345189-f968eaa2b292?q=80&w=1470&auto=format&fit=crop&ixlib=rb-4.1.0&ixid=M3wxMjA3fDB8MHxwaG90by1wYWdlfHx8fGVufDB8fHx8fA%3D%3D",
        "https://images.unsplash.com/photo-1739054730201-4b6463484e3c?q=80&w=1932&auto=format&fit=crop&ixlib=rb-4.1.0&ixid=M3wxMjA3fDB8MHxwaG90by1wYWdlfHx8fGVufDB8fHx8fA%3D%3D",
        "https://images.unsplash.com/photo-1551200536-84057e779fac?q=80&w=1932&auto=format&fit=crop&ixlib=rb-4.1.0&ixid=M3wxMjA3fDB8MHxwaG90by1wYWdlfHx8fGVufDB8fHx8fA%3D%3D"
      ]
    },
    {
      "id": 3,
      "title": "Работа с возражениями",
      "category": "Бизнес и карьера",
      "subcategory": "Продажи и переговоры",
      "description": "Хотите уверенно отвечать на любые возражения клиентов? Научу вас методам, которые превращают сомнения в согласие. Применяя их, вы сможете заключать больше сделок и выстраивать доверие.",
      "images": [
        "https://images.unsplash.com/photo-1626447269096-f8665509589c?q=80&w=1931&auto=format&fit=crop&ixlib=rb-4.1.0&ixid=M3wxMjA3fDB8MHxwaG90by1wYWdlfHx8fGVufDB8fHx8fA%3D%3D",
        "https://images.unsplash.com/photo-1598363431659-330370aaaa7b?q=80&w=1470&auto=format&fit=crop&ixlib=rb-4.1.0&ixid=M3wxMjA3fDB8MHxwaG90by1wYWdlfHx8fGVufDB8fHx8fA%3D%3D",
        "https://images.unsplash.com/photo-1641654781998-5cf4310c7779?q=80&w=1374&auto=format&fit=crop&ixlib=rb-4.1.0&ixid=M3wxMjA3fDB8MHxwaG90by1wYWdlfHx8fGVufDB8fHx8fA%3D%3D"
      ]
    },
    {
      "id": 4,
      "title": "Техники убеждения",
      "category": "Бизнес и карьера",
      "subcategory": "Маркетинг и реклама",
      "description": "Переговоры станут вашей сильной стороной. Я научу вас техникам убеждения, которые помогут склонить собеседника на свою сторону, будь то деловое совещание или бытовая ситуация.",
      "images": [
        "https://images.unsplash.com/photo-1659352790996-871ea0804eec?q=80&w=1470&auto=format&fit=crop&ixlib=rb-4.1.0&ixid=M3wxMjA3fDB8MHxwaG90by1wYWdlfHx8fGVufDB8fHx8fA%3D%3D",
        "https://images.unsplash.com/photo-1749353709979-7f169131254e?q=80&w=1470&auto=format&fit=crop&ixlib=rb-4.1.0&ixid=M3wxMjA3fDB8MHxwaG90by1wYWdlfHx8fGVufDB8fHx8fA%3D%3D",
        "https://images.unsplash.com/photo-1561202846-17166ccf3665?q=80&w=1470&auto=format&fit=crop&ixlib=rb-4.1.0&ixid=M3wxMjA3fDB8MHxwaG90by1wYWdlfHx8fGVufDB8fHx8fA%3D%3D",
        "https://images.unsplash.com/photo-1745005394951-222e7de4570f?q=80&w=1472&auto=format&fit=crop&ixlib=rb-4.1.0&ixid=M3wxMjA3fDB8MHxwaG90by1wYWdlfHx8fGVufDB8fHx8fA%3D%3D"
      ]
    },
    {
      "id": 5,
      "title": "Основы Agile и Scrum",
      "category": "Бизнес и карьера",
      "subcategory": "Проектное управление",
      "description": "Agile и Scrum — это не только про IT. Я покажу, как эти методы помогают в любых проектах. Вы научитесь управлять командой, ускорять процессы и достигать результатов итерациями.",
      "images": [
        "https://images.unsplash.com/photo-1586936893354-362ad6ae47ba?q=80&w=1470&auto=format&fit=crop&ixlib=rb-4.1.0&ixid=M3wxMjA3fDB8MHxwaG90by1wYWdlfHx8fGVufDB8fHx8fA%3D%3D",
        "https://images.unsplash.com/photo-1586863065451-6a82fa7e81b9?q=80&w=1476&auto=format&fit=crop&ixlib=rb-4.1.0&ixid=M3wxMjA3fDB8MHxwaG90by1wYWdlfHx8fGVufDB8fHx8fA%3D%3D",
        "https://images.unsplash.com/flagged/photo-1550946107-8842ae9426db?q=80&w=1374&auto=format&fit=crop&ixlib=rb-4.1.0&ixid=M3wxMjA3fDB8MHxwaG90by1wYWdlfHx8fGVufDB8fHx8fA%3D%3D",
        "https://images.unsplash.com/photo-1549923746-1d28f336cc41?q=80&w=1470&auto=format&fit=crop&ixlib=rb-4.1.0&ixid=M3wxMjA3fDB8MHxwaG90by1wYWdlfHx8fGVufDB8fHx8fA%3D%3D",
        "https://images.unsplash.com/photo-1676276374289-5051ed04c77a?q=80&w=1445&auto=format&fit=crop&ixlib=rb-4.1.0&ixid=M3wxMjA3fDB8MHxwaG90by1wYWdlfHx8fGVufDB8fHx8fA%3D%3D"
      ]
    },
    {
      "id": 6,
      "title": "Планирование спринтов",
      "category": "Бизнес и карьера",
      "subcategory": "Управление командой",
      "description": "Эффективное планирование спринтов — залог успеха команды. Я помогу вам правильно делить задачи, прогнозировать результаты и избегать хаоса в проектах.",
      "images": [
        "https://images.unsplash.com/photo-1549923746-1d28f336cc41?q=80&w=1470&auto=format&fit=crop&ixlib=rb-4.1.0&ixid=M3wxMjA3fDB8MHxwaG90by1wYWdlfHx8fGVufDB8fHx8fA%3D%3D",
        "https://images.unsplash.com/photo-1562601555-513820e5d0eb?q=80&w=1374&auto=format&fit=crop&ixlib=rb-4.1.0&ixid=M3wxMjA3fDB8MHxwaG90by1wYWdlfHx8fGVufDB8fHx8fA%3D%3D",
        "https://images.unsplash.com/photo-1743385779347-1549dabf1320?q=80&w=1470&auto=format&fit=crop&ixlib=rb-4.1.0&ixid=M3wxMjA3fDB8MHxwaG90by1wYWdlfHx8fGVufDB8fHx8fA%3D%3D",
        "https://images.unsplash.com/photo-1592278423578-4b83c89859ac?q=80&w=1470&auto=format&fit=crop&ixlib=rb-4.1.0&ixid=M3wxMjA3fDB8MHxwaG90by1wYWdlfHx8fGVufDB8fHx8fA%3D%3D",
        "https://images.unsplash.com/photo-1654954232932-5a442a94cf39?q=80&w=627&auto=format&fit=crop&ixlib=rb-4.1.0&ixid=M3wxMjA3fDB8MHxwaG90by1wYWdlfHx8fGVufDB8fHx8fA%3D%3D"
      ]
    },
    {
      "id": 7,
      "title": "Финансовая грамотность для начинающих",
      "category": "Дом и уют",
      "subcategory": "Домашние финансы",
      "description": "Хотите управлять своими деньгами уверенно? Я объясню простыми словами, как составить бюджет, копить и приумножать капитал. Всё на реальных примерах, без лишней теории.",
      "images": [
        "https://images.unsplash.com/photo-1574884280706-7342ca3d4231?q=80&w=1022&auto=format&fit=crop&ixlib=rb-4.1.0&ixid=M3wxMjA3fDB8MHxwaG90by1wYWdlfHx8fGVufDB8fHx8fA%3D%3D",
        "https://images.unsplash.com/photo-1675242314995-034d11bac319?q=80&w=2164&auto=format&fit=crop&ixlib=rb-4.1.0&ixid=M3wxMjA3fDB8MHxwaG90by1wYWdlfHx8fGVufDB8fHx8fA%3D%3D",
        "https://images.unsplash.com/photo-1618044733300-9472054094ee?q=80&w=1471&auto=format&fit=crop&ixlib=rb-4.1.0&ixid=M3wxMjA3fDB8MHxwaG90by1wYWdlfHx8fGVufDB8fHx8fA%3D%3D",
        "https://images.unsplash.com/photo-1565514417878-a66a6b0f2c7f?q=80&w=1470&auto=format&fit=crop&ixlib=rb-4.1.0&ixid=M3wxMjA3fDB8MHxwaG90by1wYWdlfHx8fGVufDB8fHx8fA%3D%3D",
        "https://images.unsplash.com/photo-1672870153618-b369bcc8c55d?q=80&w=1470&auto=format&fit=crop&ixlib=rb-4.1.0&ixid=M3wxMjA3fDB8MHxwaG90by1wYWdlfHx8fGVufDB8fHx8fA%3D%3D"
      ]
    },
    {
      "id": 8,
      "title": "Публичные выступления",
      "category": "Образование и развитие",
      "subcategory": "Коучинг",
      "description": "Преодолейте страх сцены и научитесь вдохновлять аудиторию. Я помогу вам выступать уверенно, красиво говорить и оставлять яркое впечатление на слушателей.",
      "images": [
        "https://images.unsplash.com/photo-1503676382389-4809596d5290?auto=format&fit=crop&w=800",
        "https://images.unsplash.com/photo-1503676382389-4809596d5290?auto=format&fit=crop&w=800",
        "https://images.unsplash.com/photo-1503676382389-4809596d5290?auto=format&fit=crop&w=800",
        "https://images.unsplash.com/photo-1739054730201-4b6463484e3c?q=80&w=1932&auto=format&fit=crop&ixlib=rb-4.1.0&ixid=M3wxMjA3fDB8MHxwaG90by1wYWdlfHx8fGVufDB8fHx8fA%3D%3D",
        "https://images.unsplash.com/photo-1551200536-84057e779fac?q=80&w=1932&auto=format&fit=crop&ixlib=rb-4.1.0&ixid=M3wxMjA3fDB8MHxwaG90by1wYWdlfHx8fGVufDB8fHx8fA%3D%3D"
      ]
    },
    {
      "id": 9,
      "title": "Деловая переписка",
      "category": "Бизнес и карьера",
      "subcategory": "Личный бренд",
      "description": "Письма — это лицо вашей компании. Я научу вас писать так, чтобы ваши сообщения читали, понимали и уважали. Лаконичность, вежливость и убедительность — главные инструменты.",
      "images": [
        "https://images.unsplash.com/photo-1515378791036-0648a3ef77b2?auto=format&fit=crop&w=800",
        "https://images.unsplash.com/photo-1515378791036-0648a3ef77b2?auto=format&fit=crop&w=800",
        "https://images.unsplash.com/photo-1515378791036-0648a3ef77b2?auto=format&fit=crop&w=800",
        "https://images.unsplash.com/photo-1515378791036-0648a3ef77b2?auto=format&fit=crop&w=800",
        "https://images.unsplash.com/photo-1515378791036-0648a3ef77b2?auto=format&fit=crop&w=800"
      ]
    },
    {
      "id": 10,
      "title": "Разговорный английский",
      "category": "Иностранные языки",
      "subcategory": "Английский",
      "description": "Хотите свободно говорить на английском в путешествиях и на работе? Я предлагаю практику живого общения без зубрёжки. Уроки строятся вокруг тем, которые вам действительно интересны.",
      "images": [
        "https://images.unsplash.com/photo-1645594287996-086e2217a809?q=80&w=1470&auto=format&fit=crop&ixlib=rb-4.1.0&ixid=M3wxMjA3fDB8MHxwaG90by1wYWdlfHx8fGVufDB8fHx8fA%3D%3D",
        "https://images.unsplash.com/photo-1673515336170-3bf951ddb5a8?q=80&w=1470&auto=format&fit=crop&ixlib=rb-4.1.0&ixid=M3wxMjA3fDB8MHxwaG90by1wYWdlfHx8fGVufDB8fHx8fA%3D%3D",
        "https://images.unsplash.com/photo-1650844228078-6c3cb119abcd?q=80&w=687&auto=format&fit=crop&ixlib=rb-4.1.0&ixid=M3wxMjA3fDB8MHxwaG90by1wYWdlfHx8fGVufDB8fHx8fA%3D%3D",
        "https://images.unsplash.com/photo-1515378791036-0648a3ef77b2?auto=format&fit=crop&w=800",
        "https://images.unsplash.com/photo-1515378791036-0648a3ef77b2?auto=format&fit=crop&w=800"
      ]
    },
    {
      "id": 11,
      "title": "Академический английский",
      "category": "Иностранные языки",
      "subcategory": "Подготовка к экзаменам (IELTS, TOEFL)",
      "description": "Если вы планируете учёбу или карьеру за рубежом, академический английский — must-have. Я помогу освоить лексику для статей, презентаций и научных дискуссий.",
      "images": [
        "https://images.unsplash.com/photo-1645594287996-086e2217a809?q=80&w=1470&auto=format&fit=crop&ixlib=rb-4.1.0&ixid=M3wxMjA3fDB8MHxwaG90by1wYWdlfHx8fGVufDB8fHx8fA%3D%3D",
        "https://images.unsplash.com/photo-1673515336170-3bf951ddb5a8?q=80&w=1470&auto=format&fit=crop&ixlib=rb-4.1.0&ixid=M3wxMjA3fDB8MHxwaG90by1wYWdlfHx8fGVufDB8fHx8fA%3D%3D",
        "https://images.unsplash.com/photo-1650844228078-6c3cb119abcd?q=80&w=687&auto=format&fit=crop&ixlib=rb-4.1.0&ixid=M3wxMjA3fDB8MHxwaG90by1wYWdlfHx8fGVufDB8fHx8fA%3D%3D",
        "https://images.unsplash.com/photo-1515378791036-0648a3ef77b2?auto=format&fit=crop&w=800",
        "https://images.unsplash.com/photo-1515378791036-0648a3ef77b2?auto=format&fit=crop&w=800"
      ]
    },
    {
      "id": 12,
      "title": "Подготовка к IELTS",
      "category": "Иностранные языки",
      "subcategory": "Подготовка к экзаменам (IELTS, TOEFL)",
      "description": "Сдать IELTS на высокий балл реально! Я поделюсь стратегиями для Listening, Reading, Writing и Speaking. Вы получите чёткий план и уверенность в результате.",
      "images": [
        "https://images.unsplash.com/photo-1592278423578-4b83c89859ac?q=80&w=1470&auto=format&fit=crop&ixlib=rb-4.1.0&ixid=M3wxMjA3fDB8MHxwaG90by1wYWdlfHx8fGVufDB8fHx8fA%3D%3D",
        "https://images.unsplash.com/photo-1708793715672-1464958800c3?q=80&w=1384&auto=format&fit=crop&ixlib=rb-4.1.0&ixid=M3wxMjA3fDB8MHxwaG90by1wYWdlfHx8fGVufDB8fHx8fA%3D%3D",
        "https://images.unsplash.com/photo-1586161713586-d0055e438da4?q=80&w=1470&auto=format&fit=crop&ixlib=rb-4.1.0&ixid=M3wxMjA3fDB8MHxwaG90by1wYWdlfHx8fGVufDB8fHx8fA%3D%3D",
        "https://images.unsplash.com/photo-1648712898089-4435bc87b587?q=80&w=1373&auto=format&fit=crop&ixlib=rb-4.1.0&ixid=M3wxMjA3fDB8MHxwaG90by1wYWdlfHx8fGVufDB8fHx8fA%3D%3D",
        "https://images.unsplash.com/photo-1726831662518-c48d983f9b86?q=80&w=1932&auto=format&fit=crop&ixlib=rb-4.1.0&ixid=M3wxMjA3fDB8MHxwaG90by1wYWdlfHx8fGVufDB8fHx8fA%3D%3D"
      ]
    },
    {
      "id": 13,
      "title": "Базовый немецкий (A1-A2)",
      "category": "Иностранные языки",
      "subcategory": "Немецкий",
      "description": "Я носитель немецкого языка и уже более 5 лет обучаю студентов. Помогу вам легко освоить базовый уровень A1–A2: от алфавита и простых диалогов до уверенного общения в путешествиях и работе. Использую простые примеры, живые диалоги и культурные особенности Германии, чтобы язык был не только полезным, но и интересным.",
      "images": [
        "https://images.unsplash.com/photo-1626884620961-8117e9de9aff?q=80&w=1470&auto=format&fit=crop&ixlib=rb-4.1.0&ixid=M3wxMjA3fDB8MHxwaG90by1wYWdlfHx8fGVufDB8fHx8fA%3D%3D",
        "https://images.unsplash.com/photo-1604742496374-8aba83957a9b?q=80&w=1470&auto=format&fit=crop&ixlib=rb-4.1.0&ixid=M3wxMjA3fDB8MHxwaG90by1wYWdlfHx8fGVufDB8fHx8fA%3D%3D",
        "https://images.unsplash.com/photo-1708685889312-5d651c262b36?q=80&w=1472&auto=format&fit=crop&ixlib=rb-4.1.0&ixid=M3wxMjA3fDB8MHxwaG90by1wYWdlfHx8fGVufDB8fHx8fA%3D%3D",
        "https://plus.unsplash.com/premium_photo-1750360906686-b0905b94d45b?q=80&w=718&auto=format&fit=crop&ixlib=rb-4.1.0&ixid=M3wxMjA3fDB8MHxwaG90by1wYWdlfHx8fGVufDB8fHx8fA%3D%3D",
        "https://images.unsplash.com/photo-1515378791036-0648a3ef77b2?auto=format&fit=crop&w=800"
      ]
    },
    {
      "id": 14,
      "title": "Разговорный французский",
      "category": "Иностранные языки",
      "subcategory": "Французский",
      "description": "Французский язык откроет для вас мир путешествий и культуры. Я помогу освоить разговорный уровень, чтобы вы могли чувствовать себя уверенно в любой ситуации — от кафе до деловой встречи.",
      "images": [
        "https://plus.unsplash.com/premium_photo-1663036583472-84bee4a90090?q=80&w=1470&auto=format&fit=crop&ixlib=rb-4.1.0&ixid=M3wxMjA3fDB8MHxwaG90by1wYWdlfHx8fGVufDB8fHx8fA%3D%3D",
        "https://plus.unsplash.com/premium_photo-1663036583472-84bee4a90090?q=80&w=1470&auto=format&fit=crop&ixlib=rb-4.1.0&ixid=M3wxMjA3fDB8MHxwaG90by1wYWdlfHx8fGVufDB8fHx8fA%3D%3D",
        "https://plus.unsplash.com/premium_photo-1663036583472-84bee4a90090?q=80&w=1470&auto=format&fit=crop&ixlib=rb-4.1.0&ixid=M3wxMjA3fDB8MHxwaG90by1wYWdlfHx8fGVufDB8fHx8fA%3D%3D",
        "https://plus.unsplash.com/premium_photo-1663036583472-84bee4a90090?q=80&w=1470&auto=format&fit=crop&ixlib=rb-4.1.0&ixid=M3wxMjA3fDB8MHxwaG90by1wYWdlfHx8fGVufDB8fHx8fA%3D%3D",
        "https://plus.unsplash.com/premium_photo-1663036583472-84bee4a90090?q=80&w=1470&auto=format&fit=crop&ixlib=rb-4.1.0&ixid=M3wxMjA3fDB8MHxwaG90by1wYWdlfHx8fGVufDB8fHx8fA%3D%3D"
      ]
    },
    {
      "id": 15,
      "title": "Испанский для путешествий",
      "category": "Иностранные языки",
      "subcategory": "Испанский",
      "description": "Испания звучит красивее, когда понимаешь язык. Я научу вас базовым фразам и выражениям для поездок, чтобы ваше путешествие стало ещё приятнее и насыщеннее.",
      "images": [
        "https://images.unsplash.com/photo-1499678329028-101435549a4e?q=80&w=1470&auto=format&fit=crop&ixlib=rb-4.1.0&ixid=M3wxMjA3fDB8MHxwaG90by1wYWdlfHx8fGVufDB8fHx8fA%3D%3D",
        "https://images.unsplash.com/photo-1499678329028-101435549a4e?q=80&w=1470&auto=format&fit=crop&ixlib=rb-4.1.0&ixid=M3wxMjA3fDB8MHxwaG90by1wYWdlfHx8fGVufDB8fHx8fA%3D%3D",
        "https://images.unsplash.com/photo-1499678329028-101435549a4e?q=80&w=1470&auto=format&fit=crop&ixlib=rb-4.1.0&ixid=M3wxMjA3fDB8MHxwaG90by1wYWdlfHx8fGVufDB8fHx8fA%3D%3D",
        "https://images.unsplash.com/photo-1499678329028-101435549a4e?q=80&w=1470&auto=format&fit=crop&ixlib=rb-4.1.0&ixid=M3wxMjA3fDB8MHxwaG90by1wYWdlfHx8fGVufDB8fHx8fA%3D%3D",
        "https://images.unsplash.com/photo-1499678329028-101435549a4e?q=80&w=1470&auto=format&fit=crop&ixlib=rb-4.1.0&ixid=M3wxMjA3fDB8MHxwaG90by1wYWdlfHx8fGVufDB8fHx8fA%3D%3D"
      ]
    },
    {
      "id": 16,
      "title": "Цифровой рисунок в Procreate",
      "category": "Творчество и искусство",
      "subcategory": "Рисование и иллюстрация",
      "description": "Хотите рисовать как профессионал на iPad? Я познакомлю вас с Procreate: от первых штрихов до создания полноценной иллюстрации. Подходит и для новичков, и для тех, кто уже пробовал.",
      "images": [
        "https://images.unsplash.com/photo-1506585345028-d9d1525ecb21?q=80&w=1470&auto=format&fit=crop&ixlib=rb-4.1.0&ixid=M3wxMjA3fDB8MHxwaG90by1wYWdlfHx8fGVufDB8fHx8fA%3D%3D",
        "https://images.unsplash.com/photo-1628130235364-9e412ffaae5a?q=80&w=1341&auto=format&fit=crop&ixlib=rb-4.1.0&ixid=M3wxMjA3fDB8MHxwaG90by1wYWdlfHx8fGVufDB8fHx8fA%3D%3D",
        "https://images.unsplash.com/photo-1636043476829-a63ace11667a?q=80&w=735&auto=format&fit=crop&ixlib=rb-4.1.0&ixid=M3wxMjA3fDB8MHxwaG90by1wYWdlfHx8fGVufDB8fHx8fA%3D%3D",
        "https://images.unsplash.com/photo-1599252441131-5aafffcf7740?q=80&w=1470&auto=format&fit=crop&ixlib=rb-4.1.0&ixid=M3wxMjA3fDB8MHxwaG90by1wYWdlfHx8fGVufDB8fHx8fA%3D%3D",
        "https://images.unsplash.com/photo-1599252441131-5aafffcf7740?q=80&w=1470&auto=format&fit=crop&ixlib=rb-4.1.0&ixid=M3wxMjA3fDB8MHxwaG90by1wYWdlfHx8fGVufDB8fHx8fA%3D%3D"
      ]
    },
    {
      "id": 17,
      "title": "Базовые аккорды на укулеле",
      "category": "Творчество и искусство",
      "subcategory": "Музыка и звук",
      "description": "Укулеле — это весело и просто! За несколько занятий вы освоите базовые аккорды и сможете сыграть любимые песни для друзей. Музыка станет вашим спутником.",
      "images": [
        "https://images.unsplash.com/photo-1570684615997-5fc6c4378f1a?q=80&w=1470&auto=format&fit=crop&ixlib=rb-4.1.0&ixid=M3wxMjA3fDB8MHxwaG90by1wYWdlfHx8fGVufDB8fHx8fA%3D%3D",
        "https://plus.unsplash.com/premium_photo-1702552106519-edb44d6dc8c8?q=80&w=1470&auto=format&fit=crop&ixlib=rb-4.1.0&ixid=M3wxMjA3fDB8MHxwaG90by1wYWdlfHx8fGVufDB8fHx8fA%3D%3D",
        "https://images.unsplash.com/photo-1594384115313-ff3436ba24bb?q=80&w=735&auto=format&fit=crop&ixlib=rb-4.1.0&ixid=M3wxMjA3fDB8MHxwaG90by1wYWdlfHx8fGVufDB8fHx8fA%3D%3D",
        "https://images.unsplash.com/photo-1594384115313-ff3436ba24bb?q=80&w=735&auto=format&fit=crop&ixlib=rb-4.1.0&ixid=M3wxMjA3fDB8MHxwaG90by1wYWdlfHx8fGVufDB8fHx8fA%3D%3D",
        "https://images.unsplash.com/photo-1594384115313-ff3436ba24bb?q=80&w=735&auto=format&fit=crop&ixlib=rb-4.1.0&ixid=M3wxMjA3fDB8MHxwaG90by1wYWdlfHx8fGVufDB8fHx8fA%3D%3D"
      ]
    },
    {
      "id": 18,
      "title": "Игра на гитаре: старт",
      "category": "Творчество и искусство",
      "subcategory": "Музыка и звук",
      "description": "Мечтаете играть на гитаре, но не знаете с чего начать? Я помогу вам освоить основы аккордов и ритма, чтобы вы уже через пару занятий могли исполнять первые мелодии.",
      "images": [
        "https://images.unsplash.com/photo-1664463761426-6c9b707fb8f3?q=80&w=1931&auto=format&fit=crop&ixlib=rb-4.1.0&ixid=M3wxMjA3fDB8MHxwaG90by1wYWdlfHx8fGVufDB8fHx8fA%3D%3D",
        "https://images.unsplash.com/photo-1664463761426-6c9b707fb8f3?q=80&w=1931&auto=format&fit=crop&ixlib=rb-4.1.0&ixid=M3wxMjA3fDB8MHxwaG90by1wYWdlfHx8fGVufDB8fHx8fA%3D%3D",
        "https://images.unsplash.com/photo-1664463761426-6c9b707fb8f3?q=80&w=1931&auto=format&fit=crop&ixlib=rb-4.1.0&ixid=M3wxMjA3fDB8MHxwaG90by1wYWdlfHx8fGVufDB8fHx8fA%3D%3D",
        "https://images.unsplash.com/photo-1664463761426-6c9b707fb8f3?q=80&w=1931&auto=format&fit=crop&ixlib=rb-4.1.0&ixid=M3wxMjA3fDB8MHxwaG90by1wYWdlfHx8fGVufDB8fHx8fA%3D%3D",
        "https://images.unsplash.com/photo-1664463761426-6c9b707fb8f3?q=80&w=1931&auto=format&fit=crop&ixlib=rb-4.1.0&ixid=M3wxMjA3fDB8MHxwaG90by1wYWdlfHx8fGVufDB8fHx8fA%3D%3D"
      ]
    },
    {
      "id": 19,
      "title": "Основы мобильной фотографии",
      "category": "Творчество и искусство",
      "subcategory": "Фотография",
      "description": "Смартфон может больше, чем кажется! Я научу вас делать снимки, которые будут собирать сотни лайков. Композиция, свет и обработка — всё доступно в вашем кармане.",
      "images": [
        "https://images.unsplash.com/photo-1634613938278-f3d97bf08aca?q=80&w=687&auto=format&fit=crop&ixlib=rb-4.1.0&ixid=M3wxMjA3fDB8MHxwaG90by1wYWdlfHx8fGVufDB8fHx8fA%3D%3D",
        "https://images.unsplash.com/photo-1563030646-da027e3d6360?q=80&w=689&auto=format&fit=crop&ixlib=rb-4.1.0&ixid=M3wxMjA3fDB8MHxwaG90by1wYWdlfHx8fGVufDB8fHx8fA%3D%3D",
        "https://images.unsplash.com/photo-1571946187099-11a796400306?q=80&w=1470&auto=format&fit=crop&ixlib=rb-4.1.0&ixid=M3wxMjA3fDB8MHxwaG90by1wYWdlfHx8fGVufDB8fHx8fA%3D%3D",
        "https://images.unsplash.com/photo-1577717193854-cfe3a44f445d?q=80&w=688&auto=format&fit=crop&ixlib=rb-4.1.0&ixid=M3wxMjA3fDB8MHxwaG90by1wYWdlfHx8fGVufDB8fHx8fA%3D%3D",
        "https://images.unsplash.com/photo-1747677490171-58f43fdb9cc0?q=80&w=1470&auto=format&fit=crop&ixlib=rb-4.1.0&ixid=M3wxMjA3fDB8MHxwaG90by1wYWdlfHx8fGVufDB8fHx8fA%3D%3D",
        "https://images.unsplash.com/photo-1645101071568-9d6ee8454c46?q=80&w=735&auto=format&fit=crop&ixlib=rb-4.1.0&ixid=M3wxMjA3fDB8MHxwaG90by1wYWdlfHx8fGVufDB8fHx8fA%3D%3D",
        "https://images.unsplash.com/photo-1608291388161-75f409f72181?q=80&w=1480&auto=format&fit=crop&ixlib=rb-4.1.0&ixid=M3wxMjA3fDB8MHxwaG90by1wYWdlfHx8fGVufDB8fHx8fA%3D%3D"
      ]
    },
    {
      "id": 20,
      "title": "Фотосъёмка портретов",
      "category": "Творчество и искусство",
      "subcategory": "Фотография",
      "description": "Хотите делать портреты, от которых невозможно отвести взгляд? Я покажу техники позирования, света и обработки, чтобы ваши фотографии выглядели профессионально.",
      "images": [
        "https://images.unsplash.com/photo-1674787344890-ad6dc6b6c513?q=80&w=1475&auto=format&fit=crop&ixlib=rb-4.1.0&ixid=M3wxMjA3fDB8MHxwaG90by1wYWdlfHx8fGVufDB8fHx8fA%3D%3D",
        "https://images.unsplash.com/photo-1674787344890-ad6dc6b6c513?q=80&w=1475&auto=format&fit=crop&ixlib=rb-4.1.0&ixid=M3wxMjA3fDB8MHxwaG90by1wYWdlfHx8fGVufDB8fHx8fA%3D%3D",
        "https://images.unsplash.com/photo-1674787344890-ad6dc6b6c513?q=80&w=1475&auto=format&fit=crop&ixlib=rb-4.1.0&ixid=M3wxMjA3fDB8MHxwaG90by1wYWdlfHx8fGVufDB8fHx8fA%3D%3D",
        "https://images.unsplash.com/photo-1674787344890-ad6dc6b6c513?q=80&w=1475&auto=format&fit=crop&ixlib=rb-4.1.0&ixid=M3wxMjA3fDB8MHxwaG90by1wYWdlfHx8fGVufDB8fHx8fA%3D%3D",
        "https://images.unsplash.com/photo-1674787344890-ad6dc6b6c513?q=80&w=1475&auto=format&fit=crop&ixlib=rb-4.1.0&ixid=M3wxMjA3fDB8MHxwaG90by1wYWdlfHx8fGVufDB8fHx8fA%3D%3D"
      ]
    },
    {
      "id": 21,
      "title": "Обработка фото на смартфоне",
      "category": "Творчество и искусство",
      "subcategory": "Фотография",
      "description": "Я научу вас обрабатывать фото прямо на телефоне — быстро и стильно. Цветокоррекция, фильтры и лайфхаки помогут вашим снимкам выглядеть как в Instagram-профилях топ-блогеров.",
      "images": [
        "https://images.unsplash.com/photo-1563030646-2957db71d197?q=80&w=689&auto=format&fit=crop&ixlib=rb-4.1.0&ixid=M3wxMjA3fDB8MHxwaG90by1wYWdlfHx8fGVufDB8fHx8fA%3D%3D",
        "https://images.unsplash.com/photo-1563030646-2957db71d197?q=80&w=689&auto=format&fit=crop&ixlib=rb-4.1.0&ixid=M3wxMjA3fDB8MHxwaG90by1wYWdlfHx8fGVufDB8fHx8fA%3D%3D",
        "https://images.unsplash.com/photo-1563030646-2957db71d197?q=80&w=689&auto=format&fit=crop&ixlib=rb-4.1.0&ixid=M3wxMjA3fDB8MHxwaG90by1wYWdlfHx8fGVufDB8fHx8fA%3D%3D",
        "https://images.unsplash.com/photo-1563030646-2957db71d197?q=80&w=689&auto=format&fit=crop&ixlib=rb-4.1.0&ixid=M3wxMjA3fDB8MHxwaG90by1wYWdlfHx8fGVufDB8fHx8fA%3D%3D",
        "https://images.unsplash.com/photo-1563030646-2957db71d197?q=80&w=689&auto=format&fit=crop&ixlib=rb-4.1.0&ixid=M3wxMjA3fDB8MHxwaG90by1wYWdlfHx8fGVufDB8fHx8fA%3D%3D"
      ]
    },
    {
      "id": 22,
      "title": "Старт в видеоблогинге",
      "category": "Творчество и искусство",
      "subcategory": "Видеомонтаж",
      "description": "Хотите запустить свой видеоблог? Я расскажу, как снимать, монтировать и продвигать видео, чтобы привлечь аудиторию. Даже с простым оборудованием вы сможете выделяться.",
      "images": [
        "https://images.unsplash.com/photo-1610820270934-2434e1c409cc?q=80&w=1470&auto=format&fit=crop&ixlib=rb-4.1.0&ixid=M3wxMjA3fDB8MHxwaG90by1wYWdlfHx8fGVufDB8fHx8fA%3D%3D",
        "https://images.unsplash.com/photo-1610820270934-2434e1c409cc?q=80&w=1470&auto=format&fit=crop&ixlib=rb-4.1.0&ixid=M3wxMjA3fDB8MHxwaG90by1wYWdlfHx8fGVufDB8fHx8fA%3D%3D",
        "https://images.unsplash.com/photo-1610820270934-2434e1c409cc?q=80&w=1470&auto=format&fit=crop&ixlib=rb-4.1.0&ixid=M3wxMjA3fDB8MHxwaG90by1wYWdlfHx8fGVufDB8fHx8fA%3D%3D",
        "https://images.unsplash.com/photo-1610820270934-2434e1c409cc?q=80&w=1470&auto=format&fit=crop&ixlib=rb-4.1.0&ixid=M3wxMjA3fDB8MHxwaG90by1wYWdlfHx8fGVufDB8fHx8fA%3D%3D",
        "https://images.unsplash.com/photo-1610820270934-2434e1c409cc?q=80&w=1470&auto=format&fit=crop&ixlib=rb-4.1.0&ixid=M3wxMjA3fDB8MHxwaG90by1wYWdlfHx8fGVufDB8fHx8fA%3D%3D"
      ]
    },
    {
      "id": 23,
      "title": "Видео-монтаж для новичков",
      "category": "Творчество и искусство",
      "subcategory": "Видеомонтаж",
      "description": "Научитесь монтировать ролики без сложных программ. Я помогу вам освоить базовые инструменты и делать стильные видео для соцсетей и личных проектов.",
      "images": [
        "https://images.unsplash.com/photo-1528478940942-401d9b167878?q=80&w=1469&auto=format&fit=crop&ixlib=rb-4.1.0&ixid=M3wxMjA3fDB8MHxwaG90by1wYWdlfHx8fGVufDB8fHx8fA%3D%3D",
        "https://images.unsplash.com/photo-1528478940942-401d9b167878?q=80&w=1469&auto=format&fit=crop&ixlib=rb-4.1.0&ixid=M3wxMjA3fDB8MHxwaG90by1wYWdlfHx8fGVufDB8fHx8fA%3D%3D",
        "https://images.unsplash.com/photo-1528478940942-401d9b167878?q=80&w=1469&auto=format&fit=crop&ixlib=rb-4.1.0&ixid=M3wxMjA3fDB8MHxwaG90by1wYWdlfHx8fGVufDB8fHx8fA%3D%3D",
        "https://images.unsplash.com/photo-1528478940942-401d9b167878?q=80&w=1469&auto=format&fit=crop&ixlib=rb-4.1.0&ixid=M3wxMjA3fDB8MHxwaG90by1wYWdlfHx8fGVufDB8fHx8fA%3D%3D",
        "https://images.unsplash.com/photo-1528478940942-401d9b167878?q=80&w=1469&auto=format&fit=crop&ixlib=rb-4.1.0&ixid=M3wxMjA3fDB8MHxwaG90by1wYWdlfHx8fGVufDB8fHx8fA%3D%3D"
      ]
    },
    {
      "id": 24,
      "title": "Скетчинг для начинающих",
      "category": "Творчество и искусство",
      "subcategory": "Рисование и иллюстрация",
      "description": "Скетчинг — это быстрые зарисовки, которые помогают развить вкус и наблюдательность. Я научу вас основам, чтобы вы могли с лёгкостью фиксировать идеи и делиться ими.",
      "images": [
        "https://images.unsplash.com/photo-1608804375369-498a4b601e42?q=80&w=1374&auto=format&fit=crop&ixlib=rb-4.1.0&ixid=M3wxMjA3fDB8MHxwaG90by1wYWdlfHx8fGVufDB8fHx8fA%3D%3D",
        "https://images.unsplash.com/photo-1608804375369-498a4b601e42?q=80&w=1374&auto=format&fit=crop&ixlib=rb-4.1.0&ixid=M3wxMjA3fDB8MHxwaG90by1wYWdlfHx8fGVufDB8fHx8fA%3D%3D",
        "https://images.unsplash.com/photo-1608804375369-498a4b601e42?q=80&w=1374&auto=format&fit=crop&ixlib=rb-4.1.0&ixid=M3wxMjA3fDB8MHxwaG90by1wYWdlfHx8fGVufDB8fHx8fA%3D%3D",
        "https://images.unsplash.com/photo-1608804375369-498a4b601e42?q=80&w=1374&auto=format&fit=crop&ixlib=rb-4.1.0&ixid=M3wxMjA3fDB8MHxwaG90by1wYWdlfHx8fGVufDB8fHx8fA%3D%3D",
        "https://images.unsplash.com/photo-1608804375369-498a4b601e42?q=80&w=1374&auto=format&fit=crop&ixlib=rb-4.1.0&ixid=M3wxMjA3fDB8MHxwaG90by1wYWdlfHx8fGVufDB8fHx8fA%3D%3D"
      ]
    },
    {
      "id": 25,
      "title": "Эффективное управление командой",
      "category": "Бизнес и карьера",
      "subcategory": "Управление командой",
      "images": [
        "https://images.unsplash.com/photo-1507679799987-c73779587ccf?q=80&w=1470&auto=format&fit=crop",
        "https://images.unsplash.com/photo-1519389950473-47ba0277781c?q=80&w=1470&auto=format&fit=crop",
        "https://images.unsplash.com/photo-1507679799987-c73779587ccf?q=80&w=1470&auto=format&fit=crop",
        "https://images.unsplash.com/photo-1519389950473-47ba0277781c?q=80&w=1470&auto=format&fit=crop",
        "https://images.unsplash.com/photo-1507679799987-c73779587ccf?q=80&w=1470&auto=format&fit=crop",
        "https://images.unsplash.com/photo-1519389950473-47ba0277781c?q=80&w=1470&auto=format&fit=crop"
      ]
    },
    {
      "id": 26,
      "title": "SEO и продвижение в интернете",
      "category": "Бизнес и карьера",
      "subcategory": "Маркетинг и реклама",
      "images": [
        "https://images.unsplash.com/photo-1498050108023-c5249f4df085?q=80&w=1470&auto=format&fit=crop",
        "https://images.unsplash.com/photo-1498050108023-c5249f4df085?q=80&w=1470&auto=format&fit=crop",
        "https://images.unsplash.com/photo-1498050108023-c5249f4df085?q=80&w=1470&auto=format&fit=crop",
        "https://images.unsplash.com/photo-1498050108023-c5249f4df085?q=80&w=1470&auto=format&fit=crop",
        "https://images.unsplash.com/photo-1498050108023-c5249f4df085?q=80&w=1470&auto=format&fit=crop"
      ]
    },
    {
      "id": 27,
      "title": "Питание для здоровья и энергии",
      "category": "Здоровье и лайфстайл",
      "subcategory": "Питание и ЗОЖ",
      "images": [
        "https://images.unsplash.com/photo-1506806732259-39c2d0268443?q=80&w=1470&auto=format&fit=crop",
        "https://images.unsplash.com/photo-1506806732259-39c2d0268443?q=80&w=1470&auto=format&fit=crop",
        "https://images.unsplash.com/photo-1506806732259-39c2d0268443?q=80&w=1470&auto=format&fit=crop",
        "https://images.unsplash.com/photo-1506806732259-39c2d0268443?q=80&w=1470&auto=format&fit=crop",
        "https://images.unsplash.com/photo-1506806732259-39c2d0268443?q=80&w=1470&auto=format&fit=crop"
      ]
    },
    {
      "id": 28,
      "title": "Основы медитации и практика йоги",
      "category": "Здоровье и лайфстайл",
      "subcategory": "Йога и медитация",
      "images": [
        "https://images.unsplash.com/photo-1515377905703-c4788e51af15?q=80&w=1470&auto=format&fit=crop",
        "https://images.unsplash.com/photo-1515377905703-c4788e51af15?q=80&w=1470&auto=format&fit=crop",
        "https://images.unsplash.com/photo-1515377905703-c4788e51af15?q=80&w=1470&auto=format&fit=crop",
        "https://images.unsplash.com/photo-1515377905703-c4788e51af15?q=80&w=1470&auto=format&fit=crop",
        "https://images.unsplash.com/photo-1515377905703-c4788e51af15?q=80&w=1470&auto=format&fit=crop",
        "https://images.unsplash.com/photo-1515377905703-c4788e51af15?q=80&w=1470&auto=format&fit=crop"
      ]
    },
    {
      "id": 29,
      "title": "Креативное письмо для начинающих",
      "category": "Творчество и искусство",
      "subcategory": "Креативное письмо",
      "images": [
        "https://images.unsplash.com/photo-1515378791036-0648a3ef77b2?q=80&w=800&auto=format&fit=crop",
        "https://images.unsplash.com/photo-1515378791036-0648a3ef77b2?q=80&w=800&auto=format&fit=crop",
        "https://images.unsplash.com/photo-1515378791036-0648a3ef77b2?q=80&w=800&auto=format&fit=crop",
        "https://images.unsplash.com/photo-1515378791036-0648a3ef77b2?q=80&w=800&auto=format&fit=crop",
        "https://images.unsplash.com/photo-1515378791036-0648a3ef77b2?q=80&w=800&auto=format&fit=crop"
      ]
    },
    {
      "id": 30,
      "title": "Управление стрессом и ментальное здоровье",
      "category": "Здоровье и лайфстайл",
      "subcategory": "Ментальное здоровье",
      "images": [
        "https://images.unsplash.com/photo-1506744038136-46273834b3fb?q=80&w=1470&auto=format&fit=crop",
        "https://images.unsplash.com/photo-1506744038136-46273834b3fb?q=80&w=1470&auto=format&fit=crop",
        "https://images.unsplash.com/photo-1506744038136-46273834b3fb?q=80&w=1470&auto=format&fit=crop",
        "https://images.unsplash.com/photo-1506744038136-46273834b3fb?q=80&w=1470&auto=format&fit=crop",
        "https://images.unsplash.com/photo-1506744038136-46273834b3fb?q=80&w=1470&auto=format&fit=crop"
      ]
    },
    {
      "id": 31,
      "title": "Основы ремонта и ремонта дома",
      "category": "Дом и уют",
      "subcategory": "Ремонт",
      "images": [
        "https://images.unsplash.com/photo-1743527705972-4c8506afe856?q=80&w=1074&auto=format&fit=crop&ixlib=rb-4.1.0&ixid=M3wxMjA3fDB8MHxwaG90by1wYWdlfHx8fGVufDB8fHx8fA%3D%3D",
        "https://images.unsplash.com/photo-1743527705972-4c8506afe856?q=80&w=1074&auto=format&fit=crop&ixlib=rb-4.1.0&ixid=M3wxMjA3fDB8MHxwaG90by1wYWdlfHx8fGVufDB8fHx8fA%3D%3D",
        "https://images.unsplash.com/photo-1743527705972-4c8506afe856?q=80&w=1074&auto=format&fit=crop&ixlib=rb-4.1.0&ixid=M3wxMjA3fDB8MHxwaG90by1wYWdlfHx8fGVufDB8fHx8fA%3D%3D",
        "https://images.unsplash.com/photo-1743527705972-4c8506afe856?q=80&w=1074&auto=format&fit=crop&ixlib=rb-4.1.0&ixid=M3wxMjA3fDB8MHxwaG90by1wYWdlfHx8fGVufDB8fHx8fA%3D%3D",
        "https://images.unsplash.com/photo-1743527705972-4c8506afe856?q=80&w=1074&auto=format&fit=crop&ixlib=rb-4.1.0&ixid=M3wxMjA3fDB8MHxwaG90by1wYWdlfHx8fGVufDB8fHx8fA%3D%3D",
        "https://images.unsplash.com/photo-1743527705972-4c8506afe856?q=80&w=1074&auto=format&fit=crop&ixlib=rb-4.1.0&ixid=M3wxMjA3fDB8MHxwaG90by1wYWdlfHx8fGVufDB8fHx8fA%3D%3D"
      ]
    },
    {
      "id": 32,
      "title": "Уход за комнатными растениями",
      "category": "Дом и уют",
      "subcategory": "Домашние растения",
      "images": [
        "https://images.unsplash.com/photo-1501004318641-b39e6451bec6?q=80&w=1470&auto=format&fit=crop",
        "https://images.unsplash.com/photo-1501004318641-b39e6451bec6?q=80&w=1470&auto=format&fit=crop",
        "https://images.unsplash.com/photo-1501004318641-b39e6451bec6?q=80&w=1470&auto=format&fit=crop",
        "https://images.unsplash.com/photo-1501004318641-b39e6451bec6?q=80&w=1470&auto=format&fit=crop",
        "https://images.unsplash.com/photo-1501004318641-b39e6451bec6?q=80&w=1470&auto=format&fit=crop",
        "https://images.unsplash.com/photo-1501004318641-b39e6451bec6?q=80&w=1470&auto=format&fit=crop"
      ]
    },
    {
      "id": 33,
      "title": "Эффективное резюме и собеседование",
      "category": "Бизнес и карьера",
      "subcategory": "Резюме и собеседование",
      "images": [
        "https://images.unsplash.com/photo-1522071820081-009f0129c71c?q=80&w=1470&auto=format&fit=crop",
        "https://images.unsplash.com/photo-1522071820081-009f0129c71c?q=80&w=1470&auto=format&fit=crop",
        "https://images.unsplash.com/photo-1522071820081-009f0129c71c?q=80&w=1470&auto=format&fit=crop",
        "https://images.unsplash.com/photo-1522071820081-009f0129c71c?q=80&w=1470&auto=format&fit=crop",
        "https://images.unsplash.com/photo-1522071820081-009f0129c71c?q=80&w=1470&auto=format&fit=crop",
        "https://images.unsplash.com/photo-1522071820081-009f0129c71c?q=80&w=1470&auto=format&fit=crop"
      ]
    },
    {
      "id": 34,
      "title": "Предпринимательство с нуля",
      "category": "Бизнес и карьера",
      "subcategory": "Предпринимательство",
      "images": [
        "https://images.unsplash.com/photo-1504384308090-c894fdcc538d?q=80&w=1470&auto=format&fit=crop",
        "https://images.unsplash.com/photo-1504384308090-c894fdcc538d?q=80&w=1470&auto=format&fit=crop",
        "https://images.unsplash.com/photo-1504384308090-c894fdcc538d?q=80&w=1470&auto=format&fit=crop",
        "https://images.unsplash.com/photo-1504384308090-c894fdcc538d?q=80&w=1470&auto=format&fit=crop",
        "https://images.unsplash.com/photo-1504384308090-c894fdcc538d?q=80&w=1470&auto=format&fit=crop",
        "https://images.unsplash.com/photo-1504384308090-c894fdcc538d?q=80&w=1470&auto=format&fit=crop"
      ]
    },
    {
      "id": 35,
      "title": "Китайский язык для начинающих",
      "category": "Иностранные языки",
      "subcategory": "Китайский",
      "images": [
        "https://images.unsplash.com/photo-1544716278-ca5e3f4abd8c?q=80&w=1470&auto=format&fit=crop",
        "https://images.unsplash.com/photo-1544716278-ca5e3f4abd8c?q=80&w=1470&auto=format&fit=crop",
        "https://images.unsplash.com/photo-1544716278-ca5e3f4abd8c?q=80&w=1470&auto=format&fit=crop",
        "https://images.unsplash.com/photo-1544716278-ca5e3f4abd8c?q=80&w=1470&auto=format&fit=crop",
        "https://images.unsplash.com/photo-1544716278-ca5e3f4abd8c?q=80&w=1470&auto=format&fit=crop"
      ]
    },
    {
      "id": 36,
      "title": "Основы японского языка",
      "category": "Иностранные языки",
      "subcategory": "Японский",
      "images": [
        "https://images.unsplash.com/photo-1549693578-d683be217e58?q=80&w=1470&auto=format&fit=crop",
        "https://images.unsplash.com/photo-1549693578-d683be217e58?q=80&w=1470&auto=format&fit=crop",
        "https://images.unsplash.com/photo-1549693578-d683be217e58?q=80&w=1470&auto=format&fit=crop",
        "https://images.unsplash.com/photo-1549693578-d683be217e58?q=80&w=1470&auto=format&fit=crop",
        "https://images.unsplash.com/photo-1549693578-d683be217e58?q=80&w=1470&auto=format&fit=crop"
      ]
    },
    {
      "id": 37,
      "title": "Актёрское мастерство для начинающих",
      "category": "Творчество и искусство",
      "subcategory": "Актёрское мастерство",
      "images": [
        "https://images.unsplash.com/photo-1506744038136-46273834b3fb?q=80&w=1470&auto=format&fit=crop",
        "https://images.unsplash.com/photo-1506744038136-46273834b3fb?q=80&w=1470&auto=format&fit=crop",
        "https://images.unsplash.com/photo-1506744038136-46273834b3fb?q=80&w=1470&auto=format&fit=crop",
        "https://images.unsplash.com/photo-1506744038136-46273834b3fb?q=80&w=1470&auto=format&fit=crop",
        "https://images.unsplash.com/photo-1506744038136-46273834b3fb?q=80&w=1470&auto=format&fit=crop"
      ]
    },
    {
      "id": 38,
      "title": "Декор и DIY проекты дома",
      "category": "Творчество и искусство",
      "subcategory": "Декор и DIY",
      "images": [
        "https://images.unsplash.com/photo-1527689368864-3a821dbccc34?q=80&w=1470&auto=format&fit=crop",
        "https://images.unsplash.com/photo-1527689368864-3a821dbccc34?q=80&w=1470&auto=format&fit=crop",
        "https://images.unsplash.com/photo-1527689368864-3a821dbccc34?q=80&w=1470&auto=format&fit=crop",
        "https://images.unsplash.com/photo-1527689368864-3a821dbccc34?q=80&w=1470&auto=format&fit=crop",
        "https://images.unsplash.com/photo-1527689368864-3a821dbccc34?q=80&w=1470&auto=format&fit=crop"
      ]
    },
    {
      "id": 39,
      "title": "Организация пространства и уборка",
      "category": "Дом и уют",
      "subcategory": "Уборка и организация",
      "images": [
        "https://images.unsplash.com/photo-1581578949510-fa7315c4c350?q=80&w=687&auto=format&fit=crop&ixlib=rb-4.1.0&ixid=M3wxMjA3fDB8MHxwaG90by1wYWdlfHx8fGVufDB8fHx8fA%3D%3D",
        "https://images.unsplash.com/photo-1581578949510-fa7315c4c350?q=80&w=687&auto=format&fit=crop&ixlib=rb-4.1.0&ixid=M3wxMjA3fDB8MHxwaG90by1wYWdlfHx8fGVufDB8fHx8fA%3D%3D",
        "https://images.unsplash.com/photo-1581578949510-fa7315c4c350?q=80&w=687&auto=format&fit=crop&ixlib=rb-4.1.0&ixid=M3wxMjA3fDB8MHxwaG90by1wYWdlfHx8fGVufDB8fHx8fA%3D%3D",
        "https://images.unsplash.com/photo-1581578949510-fa7315c4c350?q=80&w=687&auto=format&fit=crop&ixlib=rb-4.1.0&ixid=M3wxMjA3fDB8MHxwaG90by1wYWdlfHx8fGVufDB8fHx8fA%3D%3D",
        "https://images.unsplash.com/photo-1581578949510-fa7315c4c350?q=80&w=687&auto=format&fit=crop&ixlib=rb-4.1.0&ixid=M3wxMjA3fDB8MHxwaG90by1wYWdlfHx8fGVufDB8fHx8fA%3D%3D"
      ]
    },
    {
      "id": 40,
      "title": "Физические тренировки дома",
      "category": "Здоровье и лайфстайл",
      "subcategory": "Физические тренировки",
      "images": [
        "https://images.unsplash.com/photo-1714646442130-b64b96af082c?q=80&w=1332&auto=format&fit=crop&ixlib=rb-4.1.0&ixid=M3wxMjA3fDB8MHxwaG90by1wYWdlfHx8fGVufDB8fHx8fA%3D%3D",
        "https://images.unsplash.com/photo-1714646442130-b64b96af082c?q=80&w=1332&auto=format&fit=crop&ixlib=rb-4.1.0&ixid=M3wxMjA3fDB8MHxwaG90by1wYWdlfHx8fGVufDB8fHx8fA%3D%3D",
        "https://images.unsplash.com/photo-1714646442130-b64b96af082c?q=80&w=1332&auto=format&fit=crop&ixlib=rb-4.1.0&ixid=M3wxMjA3fDB8MHxwaG90by1wYWdlfHx8fGVufDB8fHx8fA%3D%3D",
        "https://images.unsplash.com/photo-1714646442130-b64b96af082c?q=80&w=1332&auto=format&fit=crop&ixlib=rb-4.1.0&ixid=M3wxMjA3fDB8MHxwaG90by1wYWdlfHx8fGVufDB8fHx8fA%3D%3D",
        "https://images.unsplash.com/photo-1714646442130-b64b96af082c?q=80&w=1332&auto=format&fit=crop&ixlib=rb-4.1.0&ixid=M3wxMjA3fDB8MHxwaG90by1wYWdlfHx8fGVufDB8fHx8fA%3D%3D"
      ]
    }
  ],
  "users": [
    {
      "id": 1,
      "name": "Мария",
      "gender": "female",
      "email": "maria1@example.com",
      "password": "123456",
      "avatar": "https://images.unsplash.com/photo-1494790108377-be9c29b29330?q=80&w=687&auto=format&fit=crop",
      "city": "Москва",
      "birthDate": "1995-10-28",
      "teachingSkillId": 1,
      "learningSkillIds": [9, 31],
      "about": "Опытный специалист по Pomodoro, делюсь лайфхаками продуктивности."
    },
    {
      "id": 2,
      "name": "Иван",
      "gender": "male",
      "email": "ivan2@example.com",
      "password": "123456",
      "avatar": "https://images.unsplash.com/photo-1599566150163-29194dcaad36?q=80&w=687&auto=format&fit=crop",
      "city": "Санкт-Петербург",
      "birthDate": "1992-05-15",
      "teachingSkillId": 2,
      "learningSkillIds": [1, 7, 10],
      "about": "Эксперт по матрице Эйзенхауэра, учу работать с приоритетами."
    },
    {
      "id": 3,
      "name": "Елена",
      "gender": "female",
      "email": "elena3@example.com",
      "password": "123456",
      "avatar": "https://plus.unsplash.com/premium_photo-1689551671541-31a345ce6ae0?q=80&w=687&auto=format&fit=crop",
      "city": "Новосибирск",
      "birthDate": "1998-02-11",
      "teachingSkillId": 3,
      "learningSkillIds": [16],
      "about": "Профессионально обучаю техникам работы с возражениями."
    },
    {
      "id": 4,
      "name": "Алексей",
      "gender": "male",
      "email": "aleksey4@example.com",
      "password": "123456",
      "avatar": "https://images.unsplash.com/photo-1568602471122-7832951cc4c5?q=80&w=870&auto=format&fit=crop",
      "city": "Екатеринбург",
      "birthDate": "1988-08-12",
      "teachingSkillId": 4,
      "learningSkillIds": [28, 15, 3, 1],
      "about": "Учу убеждать и вести сложные переговоры."
    },
    {
      "id": 5,
      "name": "Ольга",
      "gender": "female",
      "email": "olga5@example.com",
      "password": "123456",
      "avatar": "https://images.unsplash.com/photo-1580489944761-15a19d654956?q=80&w=761&auto=format&fit=crop",
      "city": "Казань",
      "birthDate": "1994-11-05",
      "teachingSkillId": 5,
      "learningSkillIds": [21, 39, 10],
      "about": "Наставник по Scrum и гибким методологиям управления проектами."
    },
    {
      "id": 6,
      "name": "Дмитрий",
      "gender": "male",
      "email": "dmitry6@example.com",
      "password": "123456",
      "avatar": "https://images.unsplash.com/photo-1507003211169-0a1dd7228f2d?q=80&w=687&auto=format&fit=crop",
      "city": "Нижний Новгород",
      "birthDate": "1990-03-22",
      "teachingSkillId": 6,
      "learningSkillIds": [2, 4, 8],
      "about": "Объясняю, как делать эффективное спринт-планирование."
    },
    {
      "id": 7,
      "name": "Анна",
      "gender": "female",
      "email": "anna7@example.com",
      "password": "123456",
      "avatar": "https://images.unsplash.com/photo-1438761681033-6461ffad8d80?q=80&w=1470&auto=format&fit=crop",
      "city": "Самара",
      "birthDate": "1997-07-30",
      "teachingSkillId": 7,
      "learningSkillIds": [3, 9, 5],
      "about": "Рассказываю о первых шагах в финансовой грамотности."
    },
    {
      "id": 8,
      "name": "Сергей",
      "gender": "male",
      "email": "sergey8@example.com",
      "password": "123456",
      "avatar": "https://images.unsplash.com/photo-1566753323558-f4e0952af115?q=80&w=721&auto=format&fit=crop",
      "city": "Омск",
      "birthDate": "1985-01-18",
      "teachingSkillId": 8,
      "learningSkillIds": [2, 5, 10],
      "about": "Помогаю преодолеть страх публичных выступлений."
    },
    {
      "id": 9,
      "name": "Татьяна",
      "gender": "female",
      "email": "tatiana9@example.com",
      "password": "123456",
      "avatar": "https://images.unsplash.com/photo-1521146764736-56c929d59c83?q=80&w=687&auto=format&fit=crop",
      "city": "Челябинск",
      "birthDate": "1993-09-14",
      "teachingSkillId": 9,
      "learningSkillIds": [1, 6, 11],
      "about": "Провожу мини-курсы по деловой переписке."
    },
    {
      "id": 10,
      "name": "Павел",
      "gender": "male",
      "email": "pavel10@example.com",
      "password": "123456",
      "avatar": "https://images.unsplash.com/photo-1595152772835-219674b2a8a6?q=80&w=880&auto=format&fit=crop",
      "city": "Ростов-на-Дону",
      "birthDate": "1989-12-01",
      "teachingSkillId": 10,
      "learningSkillIds": [2, 4, 8],
      "about": "Разрабатываю эффективные методы для развития разговорного английского."
    },
    {
      "id": 11,
      "name": "Виктория",
      "gender": "female",
      "email": "viktoria11@example.com",
      "password": "123456",
      "avatar": "https://plus.unsplash.com/premium_photo-1689551671548-79ff30459d2a?q=80&w=687&auto=format&fit=crop",
      "city": "Краснодар",
      "birthDate": "1996-02-15",
      "teachingSkillId": 11,
      "learningSkillIds": [3, 7, 14],
      "about": "Подготавливаю студентов к академическому английскому."
    },
    {
      "id": 12,
      "name": "Андрей",
      "gender": "male",
      "email": "andrey12@example.com",
      "password": "123456",
      "avatar": "https://images.unsplash.com/photo-1624561172888-ac93c696e10c?q=80&w=689&auto=format&fit=crop",
      "city": "Владивосток",
      "birthDate": "1991-11-21",
      "teachingSkillId": 12,
      "learningSkillIds": [2, 11, 20],
      "about": "Готовлю к IELTS по всем направлениям экзамена."
    },
    {
      "id": 13,
      "name": "Оксана",
      "gender": "female",
      "email": "oksana13@example.com",
      "password": "123456",
      "avatar": "https://images.unsplash.com/photo-1604004555489-723a93d6ce74?q=80&w=687&auto=format&fit=crop",
      "city": "Пермь",
      "birthDate": "1997-07-10",
      "teachingSkillId": 13,
      "learningSkillIds": [2, 14, 19],
      "about": "Объясню основы разговорного немецкого для поездок и работы."
    },
    {
      "id": 14,
      "name": "Денис",
      "gender": "male",
      "email": "denis14@example.com",
      "password": "123456",
      "avatar": "https://images.unsplash.com/photo-1639747280804-dd2d6b3d88ac?q=80&w=687&auto=format&fit=crop",
      "city": "Иркутск",
      "birthDate": "1988-04-30",
      "teachingSkillId": 14,
      "learningSkillIds": [13, 10, 3],
      "about": "Научу свободно общаться на французском в путешествиях."
    },
    {
      "id": 15,
      "name": "Ирина",
      "gender": "female",
      "email": "irina15@example.com",
      "password": "123456",
      "avatar": "https://images.unsplash.com/photo-1544005313-94ddf0286df2?q=80&w=688&auto=format&fit=crop",
      "city": "Тюмень",
      "birthDate": "1995-05-26",
      "teachingSkillId": 15,
      "learningSkillIds": [11, 17, 20],
      "about": "Раскрою секреты простого итальянского для путешественников."
    },
    {
      "id": 16,
      "name": "Максим",
      "gender": "male",
      "email": "maxim16@example.com",
      "password": "123456",
      "avatar": "https://images.unsplash.com/photo-1566492031773-4f4e44671857?q=80&w=687&auto=format&fit=crop&ixlib=rb-4.1.0&ixid=M3wxMjA3fDB8MHxwaG90by1wYWdlfHx8fGVufDB8fHx8fA%3D%3D",
      "city": "Москва",
      "birthDate": "1993-02-16",
      "teachingSkillId": 16,
      "learningSkillIds": [15, 17, 6],
      "about": "Специалист по цифровому рисованию, обучаю Procreate."
    },
    {
      "id": 17,
      "name": "Валерия",
      "gender": "female",
      "email": "valeria17@example.com",
      "password": "123456",
      "avatar": "https://images.unsplash.com/photo-1534528741775-53994a69daeb?q=80&w=928&auto=format&fit=crop&ixlib=rb-4.1.0&ixid=M3wxMjA3fDB8MHxwaG90by1wYWdlfHx8fGVufDB8fHx8fA%3D%3D",
      "city": "Новосибирск",
      "birthDate": "1996-08-09",
      "teachingSkillId": 17,
      "learningSkillIds": [16, 18, 11],
      "about": "Покажу базовые аккорды на укулеле даже с нуля."
    },
    {
      "id": 18,
      "name": "Артём",
      "gender": "male",
      "email": "artem18@example.com",
      "password": "123456",
      "avatar": "https://images.unsplash.com/photo-1552058544-f2b08422138a?q=80&w=687&auto=format&fit=crop",
      "city": "Сочи",
      "birthDate": "1991-06-25",
      "teachingSkillId": 18,
      "learningSkillIds": [12, 17, 20],
      "about": "Обучу основам игры на гитаре и подбору аккордов."
    },
    {
      "id": 19,
      "name": "Юлия",
      "gender": "female",
      "email": "yulia19@example.com",
      "password": "123456",
      "avatar": "https://images.unsplash.com/photo-1508214751196-bcfd4ca60f91?q=80&w=687&auto=format&fit=crop",
      "city": "Калуга",
      "birthDate": "1994-07-13",
      "teachingSkillId": 19,
      "learningSkillIds": [15, 13, 2],
      "about": "Повышаю мастерство мобильной фотографии легко и творчески."
    },
    {
      "id": 20,
      "name": "Роман",
      "gender": "male",
      "email": "roman20@example.com",
      "password": "123456",
      "avatar": "https://images.unsplash.com/photo-1636041246170-9278569b9c36?q=80&w=928&auto=format&fit=crop&ixlib=rb-4.1.0&ixid=M3wxMjA3fDB8MHxwaG90by1wYWdlfHx8fGVufDB8fHx8fA%3D%3D",
      "city": "Уфа",
      "birthDate": "1989-09-10",
      "teachingSkillId": 20,
      "learningSkillIds": [19, 14, 4],
      "about": "Объясню всё про свет и позирование в портретной фотографии."
    },
    {
      "id": 21,
      "name": "Глеб",
      "gender": "male",
      "email": "gleb21@example.com",
      "password": "123456",
      "avatar": "https://images.unsplash.com/photo-1724435811349-32d27f4d5806?q=80&w=735&auto=format&fit=crop&ixlib=rb-4.1.0&ixid=M3wxMjA3fDB8MHxwaG90by1wYWdlfHx8fGVufDB8fHx8fA%3D%3D",
      "city": "Воронеж",
      "birthDate": "1993-03-15",
      "teachingSkillId": 21,
      "learningSkillIds": [2, 7],
      "about": "Демонстрирую лучшие техники мобильной обработки фото для соцсетей."
    },
    {
      "id": 22,
      "name": "Светлана",
      "gender": "female",
      "email": "svetlana22@example.com",
      "password": "123456",
      "avatar": "https://images.unsplash.com/photo-1508214751196-bcfd4ca60f91?auto=format&fit=crop&w=800",
      "city": "Томск",
      "birthDate": "1999-02-06",
      "teachingSkillId": 22,
      "learningSkillIds": [11, 4, 15],
      "about": "Учусь и учу видеоблогингу, делюсь лайфхаками уверенности перед камерой."
    },
    {
      "id": 23,
      "name": "Фёдор",
      "gender": "male",
      "email": "fedor23@example.com",
      "password": "123456",
      "avatar": "https://images.unsplash.com/photo-1511367461989-f85a21fda167?auto=format&fit=crop&w=800",
      "city": "Коста-Рика",
      "birthDate": "1987-07-31",
      "teachingSkillId": 23,
      "learningSkillIds": [13, 18],
      "about": "Научу базовому видео-монтажу и продакшену ярких роликов."
    },
    {
      "id": 24,
      "name": "Карина",
      "gender": "female",
      "email": "karina24@example.com",
      "password": "123456",
      "avatar": "https://images.unsplash.com/photo-1517841905240-472988babdf9?auto=format&fit=crop&w=800",
      "city": "Пятигорск",
      "birthDate": "1995-04-11",
      "teachingSkillId": 24,
      "learningSkillIds": [8],
      "about": "Преподаю скетчинг и быстрые техники рисования для новичков."
    },
    {
      "id": 25,
      "name": "Армен",
      "gender": "male",
      "email": "armen25@example.com",
      "password": "123456",
      "avatar": "https://images.unsplash.com/photo-1626038135427-bd4eb8193ba5?q=80&w=687&auto=format&fit=crop&ixlib=rb-4.1.0&ixid=M3wxMjA3fDB8MHxwaG90by1wYWdlfHx8fGVufDB8fHx8fA%3D%3D",
      "city": "Ставрополь",
      "birthDate": "1985-10-19",
      "teachingSkillId": 25,
      "learningSkillIds": [5, 28, 20],
      "about": "Менеджер по управлению командой, раскрываю секреты лидерства."
    },
    {
      "id": 26,
      "name": "Алёна",
      "gender": "female",
      "email": "alena26@example.com",
      "password": "123456",
      "avatar": "https://images.unsplash.com/photo-1701615004837-40d8573b6652?q=80&w=880&auto=format&fit=crop&ixlib=rb-4.1.0&ixid=M3wxMjA3fDB8MHxwaG90by1wYWdlfHx8fGVufDB8fHx8fA%3D%3D",
      "city": "Серпухов",
      "birthDate": "1992-01-12",
      "teachingSkillId": 26,
      "learningSkillIds": [1, 6, 12],
      "about": "Провожу интенсивы по SEO и интернет-продвижению."
    },
    {
      "id": 27,
      "name": "Олег",
      "gender": "male",
      "email": "oleg27@example.com",
      "password": "123456",
      "avatar": "https://images.unsplash.com/photo-1750535135593-3a8e5def331d?q=80&w=880&auto=format&fit=crop&ixlib=rb-4.1.0&ixid=M3wxMjA3fDB8MHxwaG90by1wYWdlfHx8fGVufDB8fHx8fA%3D%3D",
      "city": "Нижний Тагил",
      "birthDate": "1991-09-09",
      "teachingSkillId": 27,
      "learningSkillIds": [9, 3],
      "about": "Расскажу о правильном питании для энергии, делюсь мотивацией придерживаться ЗОЖ."
    },
    {
      "id": 28,
      "name": "Диана",
      "gender": "female",
      "email": "diana28@example.com",
      "password": "123456",
      "avatar": "https://images.unsplash.com/photo-1685903772095-f07172808761?q=80&w=687&auto=format&fit=crop&ixlib=rb-4.1.0&ixid=M3wxMjA3fDB8MHxwaG90by1wYWdlfHx8fGVufDB8fHx8fA%3D%3D",
      "city": "Вологда",
      "birthDate": "1998-06-17",
      "teachingSkillId": 28,
      "learningSkillIds": [2, 14],
      "about": "Инструктор по медитации и йоге, учу находить баланс в повседневности."
    },
    {
      "id": 29,
      "name": "Денис",
      "gender": "male",
      "email": "denis29@example.com",
      "password": "123456",
      "avatar": "https://images.unsplash.com/photo-1577333715735-8fcb0359d906?q=80&w=1170&auto=format&fit=crop&ixlib=rb-4.1.0&ixid=M3wxMjA3fDB8MHxwaG90by1wYWdlfHx8fGVufDB8fHx8fA%3D%3D",
      "city": "Новокузнецк",
      "birthDate": "1990-12-12",
      "teachingSkillId": 29,
      "learningSkillIds": [1],
      "about": "Провожу практикумы по креативному письму, делюсь упражнениями и структурами."
    },
    {
      "id": 30,
      "name": "Сергей",
      "gender": "male",
      "email": "sergey30@example.com",
      "password": "123456",
      "avatar": "https://images.unsplash.com/photo-1537006176750-19c08a9af863?q=80&w=687&auto=format&fit=crop&ixlib=rb-4.1.0&ixid=M3wxMjA3fDB8MHxwaG90by1wYWdlfHx8fGVufDB8fHx8fA%3D%3D",
      "city": "Москва",
      "birthDate": "1986-06-26",
      "teachingSkillId": 30,
      "learningSkillIds": [28, 27, 18],
      "about": "Эксперт по стресс-менеджменту, практикую техники ментального здоровья."
    },
    {
      "id": 31,
      "name": "Юлия",
      "gender": "female",
      "email": "yulia31@example.com",
      "password": "123456",
      "avatar": "https://images.unsplash.com/photo-1718056514261-bb037cfe6ddd?q=80&w=687&auto=format&fit=crop&ixlib=rb-4.1.0&ixid=M3wxMjA3fDB8MHxwaG90by1wYWdlfHx8fGVufDB8fHx8fA%3D%3D",
      "city": "Ярославль",
      "birthDate": "1997-05-22",
      "teachingSkillId": 31,
      "learningSkillIds": [23, 6],
      "about": "Консультирую по базовым вопросам ремонта, делюсь лайфхаками для дома."
    },
    {
      "id": 32,
      "name": "Дмитрий",
      "gender": "male",
      "email": "dmitriy32@example.com",
      "password": "123456",
      "avatar": "https://images.unsplash.com/photo-1685146851626-a88d73cd5f5c?q=80&w=1170&auto=format&fit=crop&ixlib=rb-4.1.0&ixid=M3wxMjA3fDB8MHxwaG90by1wYWdlfHx8fGVufDB8fHx8fA%3D%3D",
      "city": "Калуга",
      "birthDate": "1993-04-24",
      "teachingSkillId": 32,
      "learningSkillIds": [7],
      "about": "Люблю растения. Покажу, как просто ухаживать за домашней оранжереей."
    },
    {
      "id": 33,
      "name": "Мила",
      "gender": "female",
      "email": "mila33@example.com",
      "password": "123456",
      "avatar": "https://images.unsplash.com/photo-1712168567852-ea607c2d3177?q=80&w=687&auto=format&fit=crop&ixlib=rb-4.1.0&ixid=M3wxMjA3fDB8MHxwaG90by1wYWdlfHx8fGVufDB8fHx8fA%3D%3D",
      "city": "Ростов-на-Дону",
      "birthDate": "1998-08-28",
      "teachingSkillId": 33,
      "learningSkillIds": [21, 9],
      "about": "Навыки Pomodoro в действии — мотивирую коллег и студентов."
    },
    {
      "id": 34,
      "name": "Павел",
      "gender": "male",
      "email": "pavel34@example.com",
      "password": "123456",
      "avatar": "https://images.unsplash.com/photo-1592394172986-6baf1ec14472?q=80&w=687&auto=format&fit=crop&ixlib=rb-4.1.0&ixid=M3wxMjA3fDB8MHxwaG90by1wYWdlfHx8fGVufDB8fHx8fA%3D%3D",
      "city": "Архангельск",
      "birthDate": "1996-12-01",
      "teachingSkillId": 34,
      "learningSkillIds": [17],
      "about": "Эффективный тайм-менеджмент для сложных проектов — лучшие практики."
    },
    {
      "id": 35,
      "name": "Вера",
      "gender": "female",
      "email": "vera35@example.com",
      "password": "123456",
      "avatar": "https://images.unsplash.com/photo-1607167494912-a6153535f03e?q=80&w=673&auto=format&fit=crop&ixlib=rb-4.1.0&ixid=M3wxMjA3fDB8MHxwaG90by1wYWdlfHx8fGVufDB8fHx8fA%3D%3D",
      "city": "Мурманск",
      "birthDate": "1994-01-11",
      "teachingSkillId": 35,
      "learningSkillIds": [2, 23],
      "about": "Техники убеждения и коммуникации — мой путь к успеху."
    },
    {
      "id": 36,
      "name": "Никита",
      "gender": "male",
      "email": "nikita36@example.com",
      "password": "123456",
      "avatar": "https://images.unsplash.com/photo-1617171819965-da05f22afebb?q=80&w=687&auto=format&fit=crop&ixlib=rb-4.1.0&ixid=M3wxMjA3fDB8MHxwaG90by1wYWdlfHx8fGVufDB8fHx8fA%3D%3D",
      "city": "Пермь",
      "birthDate": "1995-07-19",
      "teachingSkillId": 36,
      "learningSkillIds": [24, 14, 26],
      "about": "Погружение в мир рекламы и современных маркетинговых инструментов."
    },
    {
      "id": 37,
      "name": "Анна",
      "gender": "female",
      "email": "anna37@example.com",
      "password": "123456",
      "avatar": "https://images.unsplash.com/photo-1524504388940-b1c1722653e1?q=80&w=687&auto=format&fit=crop&ixlib=rb-4.1.0&ixid=M3wxMjA3fDB8MHxwaG90by1wYWdlfHx8fGVufDB8fHx8fA%3D%3D",
      "city": "Москва",
      "birthDate": "1990-04-14",
      "teachingSkillId": 37,
      "learningSkillIds": [10, 15, 24, 2],
      "about": "Опытный специалист по созданию эффективных резюме и прохождению собеседований."
    },
    {
      "id": 38,
      "name": "Игорь",
      "gender": "male",
      "email": "igor38@example.com",
      "password": "123456",
      "avatar": "https://images.unsplash.com/photo-1492288991661-058aa541ff43?q=80&w=687&auto=format&fit=crop&ixlib=rb-4.1.0&ixid=M3wxMjA3fDB8MHxwaG90by1wYWdlfHx8fGVufDB8fHx8fA%3D%3D",
      "city": "Санкт-Петербург",
      "birthDate": "1985-11-22",
      "teachingSkillId": 38,
      "learningSkillIds": [22, 7],
      "about": "Наставник по предпринимательству, помогаю запускать стартапы с нуля."
    },
    {
      "id": 39,
      "name": "Мария",
      "gender": "male",
      "email": "maria39@example.com",
      "password": "123456",
      "avatar": "https://images.unsplash.com/photo-1573496359142-b8d87734a5a2?q=80&w=688&auto=format&fit=crop&ixlib=rb-4.1.0&ixid=M3wxMjA3fDB8MHxwaG90by1wYWdlfHx8fGVufDB8fHx8fA%3D%3D",
      "city": "Москва",
      "birthDate": "1994-07-29",
      "teachingSkillId": 39,
      "learningSkillIds": [29, 30, 31, 28],
      "about": "Преподаватель китайского языка для начинающих, использую современные методики."
    },
    {
      "id": 40,
      "name": "Юко",
      "gender": "female",
      "email": "yuko40@example.com",
      "password": "123456",
      "avatar": "https://images.unsplash.com/photo-1664575600850-c4b712e6e2bf?q=80&w=687&auto=format&fit=crop&ixlib=rb-4.1.0&ixid=M3wxMjA3fDB8MHxwaG90by1wYWdlfHx8fGVufDB8fHx8fA%3D%3D",
      "city": "Владивосток",
      "birthDate": "1992-03-10",
      "teachingSkillId": 40,
      "learningSkillIds": [36, 39, 18, 9],
      "about": "Преподаватель японского языка с упором на повседневную коммуникацию."
    }
  ]
}
